sawtooth-intkey-tp-python-default-1;2019-07-20T12:08:18+08:00;18784256
sawtooth-intkey-tp-python-default-1;2019-07-20T12:08:48+08:00;18788352
sawtooth-intkey-tp-python-default-1;2019-07-20T12:09:18+08:00;18788352
sawtooth-poet-validator-registry-tp-1;2019-07-20T12:08:18+08:00;46145536
sawtooth-poet-validator-registry-tp-1;2019-07-20T12:08:48+08:00;46145536
sawtooth-poet-validator-registry-tp-1;2019-07-20T12:09:18+08:00;46145536
sawtooth-rest-api-default-1;2019-07-20T12:08:18+08:00;24252416
sawtooth-rest-api-default-1;2019-07-20T12:08:48+08:00;27189248
sawtooth-rest-api-default-1;2019-07-20T12:09:18+08:00;27066368
sawtooth-settings-tp-default-1;2019-07-20T12:08:18+08:00;19099648
sawtooth-settings-tp-default-1;2019-07-20T12:08:48+08:00;19099648
sawtooth-settings-tp-default-1;2019-07-20T12:09:18+08:00;19099648
sawtooth-smallbank-tp-go-default-1;2019-07-20T12:08:18+08:00;6230016
sawtooth-smallbank-tp-go-default-1;2019-07-20T12:08:48+08:00;6381568
sawtooth-smallbank-tp-go-default-1;2019-07-20T12:09:18+08:00;6438912
sawtooth-validator-default-1;2019-07-20T12:08:18+08:00;55758848
sawtooth-validator-default-1;2019-07-20T12:08:48+08:00;82382848
sawtooth-validator-default-1;2019-07-20T12:09:18+08:00;102318080